,Well,Batch,CFUs/mL,Strain,Carbon source,Replicate
0,Inoculum,0,6.502463054187191e-05,At,,
1,Inoculum,0,1.1822660098522166e-05,Ct,,
2,Inoculum,0,0.00011527093596059112,Ml,,
3,Inoculum,0,5.320197044334976e-05,Oa,,
